{
  "info": {
    "name": "Ecommerce API - Products",
    "description": "Collection for managing products on the Spring Boot backend. Create via PUT /api/product, update via POST /api/product, fetch lists and single items, and delete.",
    "schema": "https://schema.getpostman.com/json/collection/v2.1.0/collection.json"
  },
  "item": [
    {
      "name": "Product - List Categories (GET /api/product)",
      "request": {
        "method": "GET",
        "header": [],
        "url": {
          "raw": "{{baseUrl}}/api/product",
          "host": [
            "{{baseUrl}}"
          ],
          "path": [
            "api",
            "product"
          ]
        }
      }
    },
    {
      "name": "Product - Get By Id (GET /api/product/{id})",
      "request": {
        "method": "GET",
        "header": [],
        "url": {
          "raw": "{{baseUrl}}/api/product/{{id}}",
          "host": [
            "{{baseUrl}}"
          ],
          "path": [
            "api",
            "product",
            "{{id}}"
          ],
          "variable": [
            {
              "key": "id",
              "value": "1"
            }
          ]
        }
      }
    },
    {
      "name": "Product - Create (PUT /api/product)",
      "request": {
        "method": "PUT",
        "header": [
          {
            "key": "Content-Type",
            "value": "application/json"
          }
        ],
        "body": {
          "mode": "raw",
          "raw": "{\n  \"name\": \"Apple Watch Series 10\",\n  \"description\": \"Wearable with health tracking\",\n  \"categoryName\": \"Wearables\",\n  \"imageFile\": \"apple-watch-10.jpg\",\n  \"unitOfMeasure\": \"each\",\n  \"price\": \"499\"\n}"
        },
        "url": {
          "raw": "{{baseUrl}}/api/product",
          "host": [
            "{{baseUrl}}"
          ],
          "path": [
            "api",
            "product"
          ]
        }
      }
    },
    {
      "name": "Product - Update (POST /api/product)",
      "request": {
        "method": "POST",
        "header": [
          {
            "key": "Content-Type",
            "value": "application/json"
          }
        ],
        "body": {
          "mode": "raw",
          "raw": "{\n  \"id\": 1,\n  \"name\": \"Apple Watch Series 10\",\n  \"description\": \"Wearable with health tracking (updated)\",\n  \"categoryName\": \"Wearables\",\n  \"imageFile\": \"apple-watch-10.jpg\",\n  \"unitOfMeasure\": \"each\",\n  \"price\": \"499\"\n}"
        },
        "url": {
          "raw": "{{baseUrl}}/api/product",
          "host": [
            "{{baseUrl}}"
          ],
          "path": [
            "api",
            "product"
          ]
        }
      }
    },
    {
      "name": "Product - Delete (DELETE /api/product/{id})",
      "request": {
        "method": "DELETE",
        "header": [],
        "url": {
          "raw": "{{baseUrl}}/api/product/{{id}}",
          "host": [
            "{{baseUrl}}"
          ],
          "path": [
            "api",
            "product",
            "{{id}}"
          ],
          "variable": [
            {
              "key": "id",
              "value": "1"
            }
          ]
        }
      }
    }
  ],
  "variable": [
    {
      "key": "baseUrl",
      "value": "http://localhost:8080"
    }
  ]
}



